"elevation_bin","mean_elevation","mean_slope","median_slope","sd_slope","n_pixels"
"Q1",50.9450594527873,-0.0029626796969029,-0.00251210480928421,0.00380660324777697,740
"Q2",245.594811982812,-0.00468601881751503,-0.00502452347427607,0.00436128550350599,739
"Q3",508.873975557894,-0.00245379574592064,-0.00311338168103248,0.00478261026416871,740
"Q4",833.281785606209,-0.0025410373900359,-0.00274060457013547,0.00359747352631746,739
"Q5",1609.54723791174,-0.00109838021557692,-0.00106524559669197,0.0039977665550517,740
