sensor,method,variable,importance,ate_estimate,ate_lower,ate_upper
VIIRS,Causal,total_precip,0.29474076883727884,-0.010053865027071267,0.002690725879465256,NA
VIIRS,Causal,total_snowfall,0.013790213975759389,-0.010053865027071267,0.002690725879465256,NA
VIIRS,Causal,mean_radiation,0.15206817715202403,-0.010053865027071267,0.002690725879465256,NA
VIIRS,Causal,total_pdd,0.0034475534939398473,-0.010053865027071267,0.002690725879465256,NA
VIIRS,Causal,seasonal,0.03170947457798162,-0.010053865027071267,0.002690725879465256,NA
VIIRS,Causal,time_trend,0.38229259245082103,-0.010053865027071267,0.002690725879465256,NA
